태양계 행성, 행성의 위성, 행성과 위성 사이의 거리(km)
"지구","달",384000
"화성","포보스",6000
"화성","데이모스",23460
"목성","이오",420000
"목성","유로파",670900
"목성","갈리메데",1070400
"목성","칼리스토",1880000
"토성","타이탄",1220000
"토성","엔셀라두스",2380000
"토성","미마스",185539
"천왕성","아리엘",1900000
"천왕성","티타니아",43600
"천왕성","미란다",129900
"해왕성","트리톤",350000
"해왕성","네레이드",5513400
"해왕성","나이아드",64000
